Model,Accuracy,AUC
Logistic Regression,0.7736204355657442,0.8552407683083159
Random Forest,1.0,1.0
KNN,0.9999181267398067,0.9999999591927343
